utilisateur1@compte.com;MotDePasseSecret&1
utilisateur2@compte.com;MotDePasseSecret&2
utilisateur3@compte.com;MotDePasseSecret&3
utilisateur4@compte.com;MotDePasseSecret&4
utilisateur5@compte.com;MotDePasseSecret&5
utilisateur6@compte.com;MotDePasseSecret&6
utilisateur7@compte.com;MotDePasseSecret&7
utilisateur8@compte.com;MotDePasseSecret&8
utilisateur9@compte.com;MotDePasseSecret&9
utilisateur10@compte.com;MotDePasseSecret&10
utilisateur11@compte.com;MotDePasseSecret&11
utilisateur12@compte.com;MotDePasseSecret&12
utilisateur13@compte.com;MotDePasseSecret&13
utilisateur14@compte.com;MotDePasseSecret&14
utilisateur15@compte.com;MotDePasseSecret&15
utilisateur16@compte.com;MotDePasseSecret&16
utilisateur17@compte.com;MotDePasseSecret&17
utilisateur18@compte.com;MotDePasseSecret&18
utilisateur19@compte.com;MotDePasseSecret&19
utilisateur20@compte.com;MotDePasseSecret&20
utilisateur21@compte.com;MotDePasseSecret&21
utilisateur22@compte.com;MotDePasseSecret&22
utilisateur23@compte.com;MotDePasseSecret&23
utilisateur24@compte.com;MotDePasseSecret&24
utilisateur25@compte.com;MotDePasseSecret&25
utilisateur26@compte.com;MotDePasseSecret&26
utilisateur27@compte.com;MotDePasseSecret&27
utilisateur28@compte.com;MotDePasseSecret&28
utilisateur29@compte.com;MotDePasseSecret&29
utilisateur30@compte.com;MotDePasseSecret&30
utilisateur31@compte.com;MotDePasseSecret&31
utilisateur32@compte.com;MotDePasseSecret&32
utilisateur33@compte.com;MotDePasseSecret&33
utilisateur34@compte.com;MotDePasseSecret&34
utilisateur35@compte.com;MotDePasseSecret&35
utilisateur36@compte.com;MotDePasseSecret&36
utilisateur37@compte.com;MotDePasseSecret&37
utilisateur38@compte.com;MotDePasseSecret&38
utilisateur39@compte.com;MotDePasseSecret&39
utilisateur40@compte.com;MotDePasseSecret&40
utilisateur41@compte.com;MotDePasseSecret&41
utilisateur42@compte.com;MotDePasseSecret&42
utilisateur43@compte.com;MotDePasseSecret&43
utilisateur44@compte.com;MotDePasseSecret&44
utilisateur45@compte.com;MotDePasseSecret&45
utilisateur46@compte.com;MotDePasseSecret&46
utilisateur47@compte.com;MotDePasseSecret&47
utilisateur48@compte.com;MotDePasseSecret&48
utilisateur49@compte.com;MotDePasseSecret&49
utilisateur50@compte.com;MotDePasseSecret&50
utilisateur51@compte.com;MotDePasseSecret&51
utilisateur52@compte.com;MotDePasseSecret&52
utilisateur53@compte.com;MotDePasseSecret&53
utilisateur54@compte.com;MotDePasseSecret&54
utilisateur55@compte.com;MotDePasseSecret&55
utilisateur56@compte.com;MotDePasseSecret&56
utilisateur57@compte.com;MotDePasseSecret&57
utilisateur58@compte.com;MotDePasseSecret&58
utilisateur59@compte.com;MotDePasseSecret&59
utilisateur60@compte.com;MotDePasseSecret&60
utilisateur61@compte.com;MotDePasseSecret&61
utilisateur62@compte.com;MotDePasseSecret&62
utilisateur63@compte.com;MotDePasseSecret&63
utilisateur64@compte.com;MotDePasseSecret&64
utilisateur65@compte.com;MotDePasseSecret&65
utilisateur66@compte.com;MotDePasseSecret&66
utilisateur67@compte.com;MotDePasseSecret&67
utilisateur68@compte.com;MotDePasseSecret&68
utilisateur69@compte.com;MotDePasseSecret&69
utilisateur70@compte.com;MotDePasseSecret&70
utilisateur71@compte.com;MotDePasseSecret&71
utilisateur72@compte.com;MotDePasseSecret&72
utilisateur73@compte.com;MotDePasseSecret&73
utilisateur74@compte.com;MotDePasseSecret&74
utilisateur75@compte.com;MotDePasseSecret&75
utilisateur76@compte.com;MotDePasseSecret&76
utilisateur77@compte.com;MotDePasseSecret&77
utilisateur78@compte.com;MotDePasseSecret&78
utilisateur79@compte.com;MotDePasseSecret&79
utilisateur80@compte.com;MotDePasseSecret&80
utilisateur81@compte.com;MotDePasseSecret&81
utilisateur82@compte.com;MotDePasseSecret&82
utilisateur83@compte.com;MotDePasseSecret&83
utilisateur84@compte.com;MotDePasseSecret&84
utilisateur85@compte.com;MotDePasseSecret&85
utilisateur86@compte.com;MotDePasseSecret&86
utilisateur87@compte.com;MotDePasseSecret&87
utilisateur88@compte.com;MotDePasseSecret&88
utilisateur89@compte.com;MotDePasseSecret&89
utilisateur90@compte.com;MotDePasseSecret&90
utilisateur91@compte.com;MotDePasseSecret&91
utilisateur92@compte.com;MotDePasseSecret&92
utilisateur93@compte.com;MotDePasseSecret&93
utilisateur94@compte.com;MotDePasseSecret&94
utilisateur95@compte.com;MotDePasseSecret&95
utilisateur96@compte.com;MotDePasseSecret&96
utilisateur97@compte.com;MotDePasseSecret&97
utilisateur98@compte.com;MotDePasseSecret&98
utilisateur99@compte.com;MotDePasseSecret&99
utilisateur100@compte.com;MotDePasseSecret&100
utilisateur101@compte.com;MotDePasseSecret&101
utilisateur102@compte.com;MotDePasseSecret&102
utilisateur103@compte.com;MotDePasseSecret&103
utilisateur104@compte.com;MotDePasseSecret&104
utilisateur105@compte.com;MotDePasseSecret&105
utilisateur106@compte.com;MotDePasseSecret&106
utilisateur107@compte.com;MotDePasseSecret&107
utilisateur108@compte.com;MotDePasseSecret&108
utilisateur109@compte.com;MotDePasseSecret&109
utilisateur110@compte.com;MotDePasseSecret&110
utilisateur111@compte.com;MotDePasseSecret&111
utilisateur112@compte.com;MotDePasseSecret&112
utilisateur113@compte.com;MotDePasseSecret&113
utilisateur114@compte.com;MotDePasseSecret&114
utilisateur115@compte.com;MotDePasseSecret&115
utilisateur116@compte.com;MotDePasseSecret&116
utilisateur117@compte.com;MotDePasseSecret&117
utilisateur118@compte.com;MotDePasseSecret&118
utilisateur119@compte.com;MotDePasseSecret&119
utilisateur120@compte.com;MotDePasseSecret&120
utilisateur121@compte.com;MotDePasseSecret&121
utilisateur122@compte.com;MotDePasseSecret&122
utilisateur123@compte.com;MotDePasseSecret&123
utilisateur124@compte.com;MotDePasseSecret&124
utilisateur125@compte.com;MotDePasseSecret&125
utilisateur126@compte.com;MotDePasseSecret&126
utilisateur127@compte.com;MotDePasseSecret&127
utilisateur128@compte.com;MotDePasseSecret&128
utilisateur129@compte.com;MotDePasseSecret&129
utilisateur130@compte.com;MotDePasseSecret&130
utilisateur131@compte.com;MotDePasseSecret&131
utilisateur132@compte.com;MotDePasseSecret&132
utilisateur133@compte.com;MotDePasseSecret&133
utilisateur134@compte.com;MotDePasseSecret&134
utilisateur135@compte.com;MotDePasseSecret&135
utilisateur136@compte.com;MotDePasseSecret&136
utilisateur137@compte.com;MotDePasseSecret&137
utilisateur138@compte.com;MotDePasseSecret&138
utilisateur139@compte.com;MotDePasseSecret&139
utilisateur140@compte.com;MotDePasseSecret&140
utilisateur141@compte.com;MotDePasseSecret&141
utilisateur142@compte.com;MotDePasseSecret&142
utilisateur143@compte.com;MotDePasseSecret&143
utilisateur144@compte.com;MotDePasseSecret&144
utilisateur145@compte.com;MotDePasseSecret&145
utilisateur146@compte.com;MotDePasseSecret&146
utilisateur147@compte.com;MotDePasseSecret&147
utilisateur148@compte.com;MotDePasseSecret&148
utilisateur149@compte.com;MotDePasseSecret&149
utilisateur150@compte.com;MotDePasseSecret&150
utilisateur151@compte.com;MotDePasseSecret&151
utilisateur152@compte.com;MotDePasseSecret&152
utilisateur153@compte.com;MotDePasseSecret&153
utilisateur154@compte.com;MotDePasseSecret&154
utilisateur155@compte.com;MotDePasseSecret&155
utilisateur156@compte.com;MotDePasseSecret&156
utilisateur157@compte.com;MotDePasseSecret&157
utilisateur158@compte.com;MotDePasseSecret&158
utilisateur159@compte.com;MotDePasseSecret&159
utilisateur160@compte.com;MotDePasseSecret&160
utilisateur161@compte.com;MotDePasseSecret&161
utilisateur162@compte.com;MotDePasseSecret&162
utilisateur163@compte.com;MotDePasseSecret&163
utilisateur164@compte.com;MotDePasseSecret&164
utilisateur165@compte.com;MotDePasseSecret&165
utilisateur166@compte.com;MotDePasseSecret&166
utilisateur167@compte.com;MotDePasseSecret&167
utilisateur168@compte.com;MotDePasseSecret&168
utilisateur169@compte.com;MotDePasseSecret&169
utilisateur170@compte.com;MotDePasseSecret&170
utilisateur171@compte.com;MotDePasseSecret&171
utilisateur172@compte.com;MotDePasseSecret&172
utilisateur173@compte.com;MotDePasseSecret&173
utilisateur174@compte.com;MotDePasseSecret&174
utilisateur175@compte.com;MotDePasseSecret&175
utilisateur176@compte.com;MotDePasseSecret&176
utilisateur177@compte.com;MotDePasseSecret&177
utilisateur178@compte.com;MotDePasseSecret&178
utilisateur179@compte.com;MotDePasseSecret&179
utilisateur180@compte.com;MotDePasseSecret&180
utilisateur181@compte.com;MotDePasseSecret&181
utilisateur182@compte.com;MotDePasseSecret&182
utilisateur183@compte.com;MotDePasseSecret&183
utilisateur184@compte.com;MotDePasseSecret&184
utilisateur185@compte.com;MotDePasseSecret&185
utilisateur186@compte.com;MotDePasseSecret&186
utilisateur187@compte.com;MotDePasseSecret&187
utilisateur188@compte.com;MotDePasseSecret&188
utilisateur189@compte.com;MotDePasseSecret&189
utilisateur190@compte.com;MotDePasseSecret&190
utilisateur191@compte.com;MotDePasseSecret&191
utilisateur192@compte.com;MotDePasseSecret&192
utilisateur193@compte.com;MotDePasseSecret&193
utilisateur194@compte.com;MotDePasseSecret&194
utilisateur195@compte.com;MotDePasseSecret&195
utilisateur196@compte.com;MotDePasseSecret&196
utilisateur197@compte.com;MotDePasseSecret&197
utilisateur198@compte.com;MotDePasseSecret&198
utilisateur199@compte.com;MotDePasseSecret&199
utilisateur200@compte.com;MotDePasseSecret&200
utilisateur201@compte.com;MotDePasseSecret&201
utilisateur202@compte.com;MotDePasseSecret&202
utilisateur203@compte.com;MotDePasseSecret&203
utilisateur204@compte.com;MotDePasseSecret&204
utilisateur205@compte.com;MotDePasseSecret&205
utilisateur206@compte.com;MotDePasseSecret&206
utilisateur207@compte.com;MotDePasseSecret&207
utilisateur208@compte.com;MotDePasseSecret&208
utilisateur209@compte.com;MotDePasseSecret&209
utilisateur210@compte.com;MotDePasseSecret&210
utilisateur211@compte.com;MotDePasseSecret&211
utilisateur212@compte.com;MotDePasseSecret&212
utilisateur213@compte.com;MotDePasseSecret&213
utilisateur214@compte.com;MotDePasseSecret&214
utilisateur215@compte.com;MotDePasseSecret&215
utilisateur216@compte.com;MotDePasseSecret&216
utilisateur217@compte.com;MotDePasseSecret&217
utilisateur218@compte.com;MotDePasseSecret&218
utilisateur219@compte.com;MotDePasseSecret&219
utilisateur220@compte.com;MotDePasseSecret&220
utilisateur221@compte.com;MotDePasseSecret&221
utilisateur222@compte.com;MotDePasseSecret&222
utilisateur223@compte.com;MotDePasseSecret&223
utilisateur224@compte.com;MotDePasseSecret&224
utilisateur225@compte.com;MotDePasseSecret&225
utilisateur226@compte.com;MotDePasseSecret&226
utilisateur227@compte.com;MotDePasseSecret&227
utilisateur228@compte.com;MotDePasseSecret&228
utilisateur229@compte.com;MotDePasseSecret&229
utilisateur230@compte.com;MotDePasseSecret&230
utilisateur231@compte.com;MotDePasseSecret&231
utilisateur232@compte.com;MotDePasseSecret&232
utilisateur233@compte.com;MotDePasseSecret&233
utilisateur234@compte.com;MotDePasseSecret&234
utilisateur235@compte.com;MotDePasseSecret&235
utilisateur236@compte.com;MotDePasseSecret&236
utilisateur237@compte.com;MotDePasseSecret&237
utilisateur238@compte.com;MotDePasseSecret&238
utilisateur239@compte.com;MotDePasseSecret&239
utilisateur240@compte.com;MotDePasseSecret&240
utilisateur241@compte.com;MotDePasseSecret&241
utilisateur242@compte.com;MotDePasseSecret&242
utilisateur243@compte.com;MotDePasseSecret&243
utilisateur244@compte.com;MotDePasseSecret&244
utilisateur245@compte.com;MotDePasseSecret&245
utilisateur246@compte.com;MotDePasseSecret&246
utilisateur247@compte.com;MotDePasseSecret&247
utilisateur248@compte.com;MotDePasseSecret&248
utilisateur249@compte.com;MotDePasseSecret&249
utilisateur250@compte.com;MotDePasseSecret&250
utilisateur251@compte.com;MotDePasseSecret&251
utilisateur252@compte.com;MotDePasseSecret&252
utilisateur253@compte.com;MotDePasseSecret&253
utilisateur254@compte.com;MotDePasseSecret&254
utilisateur255@compte.com;MotDePasseSecret&255
utilisateur256@compte.com;MotDePasseSecret&256
utilisateur257@compte.com;MotDePasseSecret&257
utilisateur258@compte.com;MotDePasseSecret&258
utilisateur259@compte.com;MotDePasseSecret&259
utilisateur260@compte.com;MotDePasseSecret&260
utilisateur261@compte.com;MotDePasseSecret&261
utilisateur262@compte.com;MotDePasseSecret&262
utilisateur263@compte.com;MotDePasseSecret&263
utilisateur264@compte.com;MotDePasseSecret&264
utilisateur265@compte.com;MotDePasseSecret&265
utilisateur266@compte.com;MotDePasseSecret&266
utilisateur267@compte.com;MotDePasseSecret&267
utilisateur268@compte.com;MotDePasseSecret&268
utilisateur269@compte.com;MotDePasseSecret&269
utilisateur270@compte.com;MotDePasseSecret&270
utilisateur271@compte.com;MotDePasseSecret&271
utilisateur272@compte.com;MotDePasseSecret&272
utilisateur273@compte.com;MotDePasseSecret&273
utilisateur274@compte.com;MotDePasseSecret&274
utilisateur275@compte.com;MotDePasseSecret&275
utilisateur276@compte.com;MotDePasseSecret&276
utilisateur277@compte.com;MotDePasseSecret&277
utilisateur278@compte.com;MotDePasseSecret&278
utilisateur279@compte.com;MotDePasseSecret&279
utilisateur280@compte.com;MotDePasseSecret&280
utilisateur281@compte.com;MotDePasseSecret&281
utilisateur282@compte.com;MotDePasseSecret&282
utilisateur283@compte.com;MotDePasseSecret&283
utilisateur284@compte.com;MotDePasseSecret&284
utilisateur285@compte.com;MotDePasseSecret&285
utilisateur286@compte.com;MotDePasseSecret&286
utilisateur287@compte.com;MotDePasseSecret&287
utilisateur288@compte.com;MotDePasseSecret&288
utilisateur289@compte.com;MotDePasseSecret&289
utilisateur290@compte.com;MotDePasseSecret&290
utilisateur291@compte.com;MotDePasseSecret&291
utilisateur292@compte.com;MotDePasseSecret&292
utilisateur293@compte.com;MotDePasseSecret&293
utilisateur294@compte.com;MotDePasseSecret&294
utilisateur295@compte.com;MotDePasseSecret&295
utilisateur296@compte.com;MotDePasseSecret&296
utilisateur297@compte.com;MotDePasseSecret&297
utilisateur298@compte.com;MotDePasseSecret&298
utilisateur299@compte.com;MotDePasseSecret&299
utilisateur300@compte.com;MotDePasseSecret&300
utilisateur301@compte.com;MotDePasseSecret&301
utilisateur302@compte.com;MotDePasseSecret&302
utilisateur303@compte.com;MotDePasseSecret&303
utilisateur304@compte.com;MotDePasseSecret&304
utilisateur305@compte.com;MotDePasseSecret&305
utilisateur306@compte.com;MotDePasseSecret&306
utilisateur307@compte.com;MotDePasseSecret&307
utilisateur308@compte.com;MotDePasseSecret&308
utilisateur309@compte.com;MotDePasseSecret&309
utilisateur310@compte.com;MotDePasseSecret&310
utilisateur311@compte.com;MotDePasseSecret&311
utilisateur312@compte.com;MotDePasseSecret&312
utilisateur313@compte.com;MotDePasseSecret&313
utilisateur314@compte.com;MotDePasseSecret&314
utilisateur315@compte.com;MotDePasseSecret&315
utilisateur316@compte.com;MotDePasseSecret&316
utilisateur317@compte.com;MotDePasseSecret&317
utilisateur318@compte.com;MotDePasseSecret&318
utilisateur319@compte.com;MotDePasseSecret&319
utilisateur320@compte.com;MotDePasseSecret&320
utilisateur321@compte.com;MotDePasseSecret&321
utilisateur322@compte.com;MotDePasseSecret&322
utilisateur323@compte.com;MotDePasseSecret&323
utilisateur324@compte.com;MotDePasseSecret&324
utilisateur325@compte.com;MotDePasseSecret&325
utilisateur326@compte.com;MotDePasseSecret&326
utilisateur327@compte.com;MotDePasseSecret&327
utilisateur328@compte.com;MotDePasseSecret&328
utilisateur329@compte.com;MotDePasseSecret&329
utilisateur330@compte.com;MotDePasseSecret&330
utilisateur331@compte.com;MotDePasseSecret&331
utilisateur332@compte.com;MotDePasseSecret&332
utilisateur333@compte.com;MotDePasseSecret&333
utilisateur334@compte.com;MotDePasseSecret&334
utilisateur335@compte.com;MotDePasseSecret&335
utilisateur336@compte.com;MotDePasseSecret&336
utilisateur337@compte.com;MotDePasseSecret&337
utilisateur338@compte.com;MotDePasseSecret&338
utilisateur339@compte.com;MotDePasseSecret&339
utilisateur340@compte.com;MotDePasseSecret&340
utilisateur341@compte.com;MotDePasseSecret&341
utilisateur342@compte.com;MotDePasseSecret&342
utilisateur343@compte.com;MotDePasseSecret&343
utilisateur344@compte.com;MotDePasseSecret&344
utilisateur345@compte.com;MotDePasseSecret&345
utilisateur346@compte.com;MotDePasseSecret&346
utilisateur347@compte.com;MotDePasseSecret&347
utilisateur348@compte.com;MotDePasseSecret&348
utilisateur349@compte.com;MotDePasseSecret&349
utilisateur350@compte.com;MotDePasseSecret&350
utilisateur351@compte.com;MotDePasseSecret&351
utilisateur352@compte.com;MotDePasseSecret&352
utilisateur353@compte.com;MotDePasseSecret&353
utilisateur354@compte.com;MotDePasseSecret&354
utilisateur355@compte.com;MotDePasseSecret&355
utilisateur356@compte.com;MotDePasseSecret&356
utilisateur357@compte.com;MotDePasseSecret&357
utilisateur358@compte.com;MotDePasseSecret&358
utilisateur359@compte.com;MotDePasseSecret&359
utilisateur360@compte.com;MotDePasseSecret&360
utilisateur361@compte.com;MotDePasseSecret&361
utilisateur362@compte.com;MotDePasseSecret&362
utilisateur363@compte.com;MotDePasseSecret&363
utilisateur364@compte.com;MotDePasseSecret&364
utilisateur365@compte.com;MotDePasseSecret&365
utilisateur366@compte.com;MotDePasseSecret&366
utilisateur367@compte.com;MotDePasseSecret&367
utilisateur368@compte.com;MotDePasseSecret&368
utilisateur369@compte.com;MotDePasseSecret&369
utilisateur370@compte.com;MotDePasseSecret&370
utilisateur371@compte.com;MotDePasseSecret&371
utilisateur372@compte.com;MotDePasseSecret&372
utilisateur373@compte.com;MotDePasseSecret&373
utilisateur374@compte.com;MotDePasseSecret&374
utilisateur375@compte.com;MotDePasseSecret&375
utilisateur376@compte.com;MotDePasseSecret&376
utilisateur377@compte.com;MotDePasseSecret&377
utilisateur378@compte.com;MotDePasseSecret&378
utilisateur379@compte.com;MotDePasseSecret&379
utilisateur380@compte.com;MotDePasseSecret&380
utilisateur381@compte.com;MotDePasseSecret&381
utilisateur382@compte.com;MotDePasseSecret&382
utilisateur383@compte.com;MotDePasseSecret&383
utilisateur384@compte.com;MotDePasseSecret&384
utilisateur385@compte.com;MotDePasseSecret&385
utilisateur386@compte.com;MotDePasseSecret&386
utilisateur387@compte.com;MotDePasseSecret&387
utilisateur388@compte.com;MotDePasseSecret&388
utilisateur389@compte.com;MotDePasseSecret&389
utilisateur390@compte.com;MotDePasseSecret&390
utilisateur391@compte.com;MotDePasseSecret&391
utilisateur392@compte.com;MotDePasseSecret&392
utilisateur393@compte.com;MotDePasseSecret&393
utilisateur394@compte.com;MotDePasseSecret&394
utilisateur395@compte.com;MotDePasseSecret&395
utilisateur396@compte.com;MotDePasseSecret&396
utilisateur397@compte.com;MotDePasseSecret&397
utilisateur398@compte.com;MotDePasseSecret&398
utilisateur399@compte.com;MotDePasseSecret&399
utilisateur400@compte.com;MotDePasseSecret&400
utilisateur401@compte.com;MotDePasseSecret&401
utilisateur402@compte.com;MotDePasseSecret&402
utilisateur403@compte.com;MotDePasseSecret&403
utilisateur404@compte.com;MotDePasseSecret&404
utilisateur405@compte.com;MotDePasseSecret&405
utilisateur406@compte.com;MotDePasseSecret&406
utilisateur407@compte.com;MotDePasseSecret&407
utilisateur408@compte.com;MotDePasseSecret&408
utilisateur409@compte.com;MotDePasseSecret&409
utilisateur410@compte.com;MotDePasseSecret&410
utilisateur411@compte.com;MotDePasseSecret&411
utilisateur412@compte.com;MotDePasseSecret&412
utilisateur413@compte.com;MotDePasseSecret&413
utilisateur414@compte.com;MotDePasseSecret&414
utilisateur415@compte.com;MotDePasseSecret&415
utilisateur416@compte.com;MotDePasseSecret&416
utilisateur417@compte.com;MotDePasseSecret&417
utilisateur418@compte.com;MotDePasseSecret&418
utilisateur419@compte.com;MotDePasseSecret&419
utilisateur420@compte.com;MotDePasseSecret&420
utilisateur421@compte.com;MotDePasseSecret&421
utilisateur422@compte.com;MotDePasseSecret&422
utilisateur423@compte.com;MotDePasseSecret&423
utilisateur424@compte.com;MotDePasseSecret&424
utilisateur425@compte.com;MotDePasseSecret&425
utilisateur426@compte.com;MotDePasseSecret&426
utilisateur427@compte.com;MotDePasseSecret&427
utilisateur428@compte.com;MotDePasseSecret&428
utilisateur429@compte.com;MotDePasseSecret&429
utilisateur430@compte.com;MotDePasseSecret&430
utilisateur431@compte.com;MotDePasseSecret&431
utilisateur432@compte.com;MotDePasseSecret&432
utilisateur433@compte.com;MotDePasseSecret&433
utilisateur434@compte.com;MotDePasseSecret&434
utilisateur435@compte.com;MotDePasseSecret&435
utilisateur436@compte.com;MotDePasseSecret&436
utilisateur437@compte.com;MotDePasseSecret&437
utilisateur438@compte.com;MotDePasseSecret&438
utilisateur439@compte.com;MotDePasseSecret&439
utilisateur440@compte.com;MotDePasseSecret&440
utilisateur441@compte.com;MotDePasseSecret&441
utilisateur442@compte.com;MotDePasseSecret&442
utilisateur443@compte.com;MotDePasseSecret&443
utilisateur444@compte.com;MotDePasseSecret&444
utilisateur445@compte.com;MotDePasseSecret&445
utilisateur446@compte.com;MotDePasseSecret&446
utilisateur447@compte.com;MotDePasseSecret&447
utilisateur448@compte.com;MotDePasseSecret&448
utilisateur449@compte.com;MotDePasseSecret&449
utilisateur450@compte.com;MotDePasseSecret&450
utilisateur451@compte.com;MotDePasseSecret&451
utilisateur452@compte.com;MotDePasseSecret&452
utilisateur453@compte.com;MotDePasseSecret&453
utilisateur454@compte.com;MotDePasseSecret&454
utilisateur455@compte.com;MotDePasseSecret&455
utilisateur456@compte.com;MotDePasseSecret&456
utilisateur457@compte.com;MotDePasseSecret&457
utilisateur458@compte.com;MotDePasseSecret&458
utilisateur459@compte.com;MotDePasseSecret&459
utilisateur460@compte.com;MotDePasseSecret&460
utilisateur461@compte.com;MotDePasseSecret&461
utilisateur462@compte.com;MotDePasseSecret&462
utilisateur463@compte.com;MotDePasseSecret&463
utilisateur464@compte.com;MotDePasseSecret&464
utilisateur465@compte.com;MotDePasseSecret&465
utilisateur466@compte.com;MotDePasseSecret&466
utilisateur467@compte.com;MotDePasseSecret&467
utilisateur468@compte.com;MotDePasseSecret&468
utilisateur469@compte.com;MotDePasseSecret&469
utilisateur470@compte.com;MotDePasseSecret&470
utilisateur471@compte.com;MotDePasseSecret&471
utilisateur472@compte.com;MotDePasseSecret&472
utilisateur473@compte.com;MotDePasseSecret&473
utilisateur474@compte.com;MotDePasseSecret&474
utilisateur475@compte.com;MotDePasseSecret&475
utilisateur476@compte.com;MotDePasseSecret&476
utilisateur477@compte.com;MotDePasseSecret&477
utilisateur478@compte.com;MotDePasseSecret&478
utilisateur479@compte.com;MotDePasseSecret&479
utilisateur480@compte.com;MotDePasseSecret&480
utilisateur481@compte.com;MotDePasseSecret&481
utilisateur482@compte.com;MotDePasseSecret&482
utilisateur483@compte.com;MotDePasseSecret&483
utilisateur484@compte.com;MotDePasseSecret&484
utilisateur485@compte.com;MotDePasseSecret&485
utilisateur486@compte.com;MotDePasseSecret&486
utilisateur487@compte.com;MotDePasseSecret&487
utilisateur488@compte.com;MotDePasseSecret&488
utilisateur489@compte.com;MotDePasseSecret&489
utilisateur490@compte.com;MotDePasseSecret&490
utilisateur491@compte.com;MotDePasseSecret&491
utilisateur492@compte.com;MotDePasseSecret&492
utilisateur493@compte.com;MotDePasseSecret&493
utilisateur494@compte.com;MotDePasseSecret&494
utilisateur495@compte.com;MotDePasseSecret&495
utilisateur496@compte.com;MotDePasseSecret&496
utilisateur497@compte.com;MotDePasseSecret&497
utilisateur498@compte.com;MotDePasseSecret&498
utilisateur499@compte.com;MotDePasseSecret&499
utilisateur500@compte.com;MotDePasseSecret&500
utilisateur501@compte.com;MotDePasseSecret&501
utilisateur502@compte.com;MotDePasseSecret&502
utilisateur503@compte.com;MotDePasseSecret&503
utilisateur504@compte.com;MotDePasseSecret&504
utilisateur505@compte.com;MotDePasseSecret&505
utilisateur506@compte.com;MotDePasseSecret&506
utilisateur507@compte.com;MotDePasseSecret&507
utilisateur508@compte.com;MotDePasseSecret&508
utilisateur509@compte.com;MotDePasseSecret&509
utilisateur510@compte.com;MotDePasseSecret&510
utilisateur511@compte.com;MotDePasseSecret&511
utilisateur512@compte.com;MotDePasseSecret&512
utilisateur513@compte.com;MotDePasseSecret&513
utilisateur514@compte.com;MotDePasseSecret&514
utilisateur515@compte.com;MotDePasseSecret&515
utilisateur516@compte.com;MotDePasseSecret&516
utilisateur517@compte.com;MotDePasseSecret&517
utilisateur518@compte.com;MotDePasseSecret&518
utilisateur519@compte.com;MotDePasseSecret&519
utilisateur520@compte.com;MotDePasseSecret&520
utilisateur521@compte.com;MotDePasseSecret&521
utilisateur522@compte.com;MotDePasseSecret&522
utilisateur523@compte.com;MotDePasseSecret&523
utilisateur524@compte.com;MotDePasseSecret&524
utilisateur525@compte.com;MotDePasseSecret&525
utilisateur526@compte.com;MotDePasseSecret&526
utilisateur527@compte.com;MotDePasseSecret&527
utilisateur528@compte.com;MotDePasseSecret&528
utilisateur529@compte.com;MotDePasseSecret&529
utilisateur530@compte.com;MotDePasseSecret&530
utilisateur531@compte.com;MotDePasseSecret&531
utilisateur532@compte.com;MotDePasseSecret&532
utilisateur533@compte.com;MotDePasseSecret&533
utilisateur534@compte.com;MotDePasseSecret&534
utilisateur535@compte.com;MotDePasseSecret&535
utilisateur536@compte.com;MotDePasseSecret&536
utilisateur537@compte.com;MotDePasseSecret&537
utilisateur538@compte.com;MotDePasseSecret&538
utilisateur539@compte.com;MotDePasseSecret&539
utilisateur540@compte.com;MotDePasseSecret&540
utilisateur541@compte.com;MotDePasseSecret&541
utilisateur542@compte.com;MotDePasseSecret&542
utilisateur543@compte.com;MotDePasseSecret&543
utilisateur544@compte.com;MotDePasseSecret&544
utilisateur545@compte.com;MotDePasseSecret&545
utilisateur546@compte.com;MotDePasseSecret&546
utilisateur547@compte.com;MotDePasseSecret&547
utilisateur548@compte.com;MotDePasseSecret&548
utilisateur549@compte.com;MotDePasseSecret&549
utilisateur550@compte.com;MotDePasseSecret&550
utilisateur551@compte.com;MotDePasseSecret&551
utilisateur552@compte.com;MotDePasseSecret&552
utilisateur553@compte.com;MotDePasseSecret&553
utilisateur554@compte.com;MotDePasseSecret&554
utilisateur555@compte.com;MotDePasseSecret&555
utilisateur556@compte.com;MotDePasseSecret&556
utilisateur557@compte.com;MotDePasseSecret&557
utilisateur558@compte.com;MotDePasseSecret&558
utilisateur559@compte.com;MotDePasseSecret&559
utilisateur560@compte.com;MotDePasseSecret&560
utilisateur561@compte.com;MotDePasseSecret&561
utilisateur562@compte.com;MotDePasseSecret&562
utilisateur563@compte.com;MotDePasseSecret&563
utilisateur564@compte.com;MotDePasseSecret&564
utilisateur565@compte.com;MotDePasseSecret&565
utilisateur566@compte.com;MotDePasseSecret&566
utilisateur567@compte.com;MotDePasseSecret&567
utilisateur568@compte.com;MotDePasseSecret&568
utilisateur569@compte.com;MotDePasseSecret&569
utilisateur570@compte.com;MotDePasseSecret&570
utilisateur571@compte.com;MotDePasseSecret&571
utilisateur572@compte.com;MotDePasseSecret&572
utilisateur573@compte.com;MotDePasseSecret&573
utilisateur574@compte.com;MotDePasseSecret&574
utilisateur575@compte.com;MotDePasseSecret&575
utilisateur576@compte.com;MotDePasseSecret&576
utilisateur577@compte.com;MotDePasseSecret&577
utilisateur578@compte.com;MotDePasseSecret&578
utilisateur579@compte.com;MotDePasseSecret&579
utilisateur580@compte.com;MotDePasseSecret&580
utilisateur581@compte.com;MotDePasseSecret&581
utilisateur582@compte.com;MotDePasseSecret&582
utilisateur583@compte.com;MotDePasseSecret&583
utilisateur584@compte.com;MotDePasseSecret&584
utilisateur585@compte.com;MotDePasseSecret&585
utilisateur586@compte.com;MotDePasseSecret&586
utilisateur587@compte.com;MotDePasseSecret&587
utilisateur588@compte.com;MotDePasseSecret&588
utilisateur589@compte.com;MotDePasseSecret&589
utilisateur590@compte.com;MotDePasseSecret&590
utilisateur591@compte.com;MotDePasseSecret&591
utilisateur592@compte.com;MotDePasseSecret&592
utilisateur593@compte.com;MotDePasseSecret&593
utilisateur594@compte.com;MotDePasseSecret&594
utilisateur595@compte.com;MotDePasseSecret&595
utilisateur596@compte.com;MotDePasseSecret&596
utilisateur597@compte.com;MotDePasseSecret&597
utilisateur598@compte.com;MotDePasseSecret&598
utilisateur599@compte.com;MotDePasseSecret&599
utilisateur600@compte.com;MotDePasseSecret&600
utilisateur601@compte.com;MotDePasseSecret&601
utilisateur602@compte.com;MotDePasseSecret&602
utilisateur603@compte.com;MotDePasseSecret&603
utilisateur604@compte.com;MotDePasseSecret&604
utilisateur605@compte.com;MotDePasseSecret&605
utilisateur606@compte.com;MotDePasseSecret&606
utilisateur607@compte.com;MotDePasseSecret&607
utilisateur608@compte.com;MotDePasseSecret&608
utilisateur609@compte.com;MotDePasseSecret&609
utilisateur610@compte.com;MotDePasseSecret&610
utilisateur611@compte.com;MotDePasseSecret&611
utilisateur612@compte.com;MotDePasseSecret&612
utilisateur613@compte.com;MotDePasseSecret&613
utilisateur614@compte.com;MotDePasseSecret&614
utilisateur615@compte.com;MotDePasseSecret&615
utilisateur616@compte.com;MotDePasseSecret&616
utilisateur617@compte.com;MotDePasseSecret&617
utilisateur618@compte.com;MotDePasseSecret&618
utilisateur619@compte.com;MotDePasseSecret&619
utilisateur620@compte.com;MotDePasseSecret&620
utilisateur621@compte.com;MotDePasseSecret&621
utilisateur622@compte.com;MotDePasseSecret&622
utilisateur623@compte.com;MotDePasseSecret&623
utilisateur624@compte.com;MotDePasseSecret&624
utilisateur625@compte.com;MotDePasseSecret&625
utilisateur626@compte.com;MotDePasseSecret&626
utilisateur627@compte.com;MotDePasseSecret&627
utilisateur628@compte.com;MotDePasseSecret&628
utilisateur629@compte.com;MotDePasseSecret&629
utilisateur630@compte.com;MotDePasseSecret&630
utilisateur631@compte.com;MotDePasseSecret&631
utilisateur632@compte.com;MotDePasseSecret&632
utilisateur633@compte.com;MotDePasseSecret&633
utilisateur634@compte.com;MotDePasseSecret&634
utilisateur635@compte.com;MotDePasseSecret&635
utilisateur636@compte.com;MotDePasseSecret&636
utilisateur637@compte.com;MotDePasseSecret&637
utilisateur638@compte.com;MotDePasseSecret&638
utilisateur639@compte.com;MotDePasseSecret&639
utilisateur640@compte.com;MotDePasseSecret&640
utilisateur641@compte.com;MotDePasseSecret&641
utilisateur642@compte.com;MotDePasseSecret&642
utilisateur643@compte.com;MotDePasseSecret&643
utilisateur644@compte.com;MotDePasseSecret&644
utilisateur645@compte.com;MotDePasseSecret&645
utilisateur646@compte.com;MotDePasseSecret&646
utilisateur647@compte.com;MotDePasseSecret&647
utilisateur648@compte.com;MotDePasseSecret&648
utilisateur649@compte.com;MotDePasseSecret&649
utilisateur650@compte.com;MotDePasseSecret&650
utilisateur651@compte.com;MotDePasseSecret&651
utilisateur652@compte.com;MotDePasseSecret&652
utilisateur653@compte.com;MotDePasseSecret&653
utilisateur654@compte.com;MotDePasseSecret&654
utilisateur655@compte.com;MotDePasseSecret&655
utilisateur656@compte.com;MotDePasseSecret&656
utilisateur657@compte.com;MotDePasseSecret&657
utilisateur658@compte.com;MotDePasseSecret&658
utilisateur659@compte.com;MotDePasseSecret&659
utilisateur660@compte.com;MotDePasseSecret&660
utilisateur661@compte.com;MotDePasseSecret&661
utilisateur662@compte.com;MotDePasseSecret&662
utilisateur663@compte.com;MotDePasseSecret&663
utilisateur664@compte.com;MotDePasseSecret&664
utilisateur665@compte.com;MotDePasseSecret&665
utilisateur666@compte.com;MotDePasseSecret&666
utilisateur667@compte.com;MotDePasseSecret&667
utilisateur668@compte.com;MotDePasseSecret&668
utilisateur669@compte.com;MotDePasseSecret&669
utilisateur670@compte.com;MotDePasseSecret&670
utilisateur671@compte.com;MotDePasseSecret&671
utilisateur672@compte.com;MotDePasseSecret&672
utilisateur673@compte.com;MotDePasseSecret&673
utilisateur674@compte.com;MotDePasseSecret&674
utilisateur675@compte.com;MotDePasseSecret&675
utilisateur676@compte.com;MotDePasseSecret&676
utilisateur677@compte.com;MotDePasseSecret&677
utilisateur678@compte.com;MotDePasseSecret&678
utilisateur679@compte.com;MotDePasseSecret&679
utilisateur680@compte.com;MotDePasseSecret&680
utilisateur681@compte.com;MotDePasseSecret&681
utilisateur682@compte.com;MotDePasseSecret&682
utilisateur683@compte.com;MotDePasseSecret&683
utilisateur684@compte.com;MotDePasseSecret&684
utilisateur685@compte.com;MotDePasseSecret&685
utilisateur686@compte.com;MotDePasseSecret&686
utilisateur687@compte.com;MotDePasseSecret&687
utilisateur688@compte.com;MotDePasseSecret&688
utilisateur689@compte.com;MotDePasseSecret&689
utilisateur690@compte.com;MotDePasseSecret&690
utilisateur691@compte.com;MotDePasseSecret&691
utilisateur692@compte.com;MotDePasseSecret&692
utilisateur693@compte.com;MotDePasseSecret&693
utilisateur694@compte.com;MotDePasseSecret&694
utilisateur695@compte.com;MotDePasseSecret&695
utilisateur696@compte.com;MotDePasseSecret&696
utilisateur697@compte.com;MotDePasseSecret&697
utilisateur698@compte.com;MotDePasseSecret&698
utilisateur699@compte.com;MotDePasseSecret&699
utilisateur700@compte.com;MotDePasseSecret&700
utilisateur701@compte.com;MotDePasseSecret&701
utilisateur702@compte.com;MotDePasseSecret&702
utilisateur703@compte.com;MotDePasseSecret&703
utilisateur704@compte.com;MotDePasseSecret&704
utilisateur705@compte.com;MotDePasseSecret&705
utilisateur706@compte.com;MotDePasseSecret&706
utilisateur707@compte.com;MotDePasseSecret&707
utilisateur708@compte.com;MotDePasseSecret&708
utilisateur709@compte.com;MotDePasseSecret&709
utilisateur710@compte.com;MotDePasseSecret&710
utilisateur711@compte.com;MotDePasseSecret&711
utilisateur712@compte.com;MotDePasseSecret&712
utilisateur713@compte.com;MotDePasseSecret&713
utilisateur714@compte.com;MotDePasseSecret&714
utilisateur715@compte.com;MotDePasseSecret&715
utilisateur716@compte.com;MotDePasseSecret&716
utilisateur717@compte.com;MotDePasseSecret&717
utilisateur718@compte.com;MotDePasseSecret&718
utilisateur719@compte.com;MotDePasseSecret&719
utilisateur720@compte.com;MotDePasseSecret&720
utilisateur721@compte.com;MotDePasseSecret&721
utilisateur722@compte.com;MotDePasseSecret&722
utilisateur723@compte.com;MotDePasseSecret&723
utilisateur724@compte.com;MotDePasseSecret&724
utilisateur725@compte.com;MotDePasseSecret&725
utilisateur726@compte.com;MotDePasseSecret&726
utilisateur727@compte.com;MotDePasseSecret&727
utilisateur728@compte.com;MotDePasseSecret&728
utilisateur729@compte.com;MotDePasseSecret&729
utilisateur730@compte.com;MotDePasseSecret&730
utilisateur731@compte.com;MotDePasseSecret&731
utilisateur732@compte.com;MotDePasseSecret&732
utilisateur733@compte.com;MotDePasseSecret&733
utilisateur734@compte.com;MotDePasseSecret&734
utilisateur735@compte.com;MotDePasseSecret&735
utilisateur736@compte.com;MotDePasseSecret&736
utilisateur737@compte.com;MotDePasseSecret&737
utilisateur738@compte.com;MotDePasseSecret&738
utilisateur739@compte.com;MotDePasseSecret&739
utilisateur740@compte.com;MotDePasseSecret&740
utilisateur741@compte.com;MotDePasseSecret&741
utilisateur742@compte.com;MotDePasseSecret&742
utilisateur743@compte.com;MotDePasseSecret&743
utilisateur744@compte.com;MotDePasseSecret&744
utilisateur745@compte.com;MotDePasseSecret&745
utilisateur746@compte.com;MotDePasseSecret&746
utilisateur747@compte.com;MotDePasseSecret&747
utilisateur748@compte.com;MotDePasseSecret&748
utilisateur749@compte.com;MotDePasseSecret&749
utilisateur750@compte.com;MotDePasseSecret&750
utilisateur751@compte.com;MotDePasseSecret&751
utilisateur752@compte.com;MotDePasseSecret&752
utilisateur753@compte.com;MotDePasseSecret&753
utilisateur754@compte.com;MotDePasseSecret&754
utilisateur755@compte.com;MotDePasseSecret&755
utilisateur756@compte.com;MotDePasseSecret&756
utilisateur757@compte.com;MotDePasseSecret&757
utilisateur758@compte.com;MotDePasseSecret&758
utilisateur759@compte.com;MotDePasseSecret&759
utilisateur760@compte.com;MotDePasseSecret&760
utilisateur761@compte.com;MotDePasseSecret&761
utilisateur762@compte.com;MotDePasseSecret&762
utilisateur763@compte.com;MotDePasseSecret&763
utilisateur764@compte.com;MotDePasseSecret&764
utilisateur765@compte.com;MotDePasseSecret&765
utilisateur766@compte.com;MotDePasseSecret&766
utilisateur767@compte.com;MotDePasseSecret&767
utilisateur768@compte.com;MotDePasseSecret&768
utilisateur769@compte.com;MotDePasseSecret&769
utilisateur770@compte.com;MotDePasseSecret&770
utilisateur771@compte.com;MotDePasseSecret&771
utilisateur772@compte.com;MotDePasseSecret&772
utilisateur773@compte.com;MotDePasseSecret&773
utilisateur774@compte.com;MotDePasseSecret&774
utilisateur775@compte.com;MotDePasseSecret&775
utilisateur776@compte.com;MotDePasseSecret&776
utilisateur777@compte.com;MotDePasseSecret&777
utilisateur778@compte.com;MotDePasseSecret&778
utilisateur779@compte.com;MotDePasseSecret&779
utilisateur780@compte.com;MotDePasseSecret&780
utilisateur781@compte.com;MotDePasseSecret&781
utilisateur782@compte.com;MotDePasseSecret&782
utilisateur783@compte.com;MotDePasseSecret&783
utilisateur784@compte.com;MotDePasseSecret&784
utilisateur785@compte.com;MotDePasseSecret&785
utilisateur786@compte.com;MotDePasseSecret&786
utilisateur787@compte.com;MotDePasseSecret&787
utilisateur788@compte.com;MotDePasseSecret&788
utilisateur789@compte.com;MotDePasseSecret&789
utilisateur790@compte.com;MotDePasseSecret&790
utilisateur791@compte.com;MotDePasseSecret&791
utilisateur792@compte.com;MotDePasseSecret&792
utilisateur793@compte.com;MotDePasseSecret&793
utilisateur794@compte.com;MotDePasseSecret&794
utilisateur795@compte.com;MotDePasseSecret&795
utilisateur796@compte.com;MotDePasseSecret&796
utilisateur797@compte.com;MotDePasseSecret&797
utilisateur798@compte.com;MotDePasseSecret&798
utilisateur799@compte.com;MotDePasseSecret&799
utilisateur800@compte.com;MotDePasseSecret&800
utilisateur801@compte.com;MotDePasseSecret&801
utilisateur802@compte.com;MotDePasseSecret&802
utilisateur803@compte.com;MotDePasseSecret&803
utilisateur804@compte.com;MotDePasseSecret&804
utilisateur805@compte.com;MotDePasseSecret&805
utilisateur806@compte.com;MotDePasseSecret&806
utilisateur807@compte.com;MotDePasseSecret&807
utilisateur808@compte.com;MotDePasseSecret&808
utilisateur809@compte.com;MotDePasseSecret&809
utilisateur810@compte.com;MotDePasseSecret&810
utilisateur811@compte.com;MotDePasseSecret&811
utilisateur812@compte.com;MotDePasseSecret&812
utilisateur813@compte.com;MotDePasseSecret&813
utilisateur814@compte.com;MotDePasseSecret&814
utilisateur815@compte.com;MotDePasseSecret&815
utilisateur816@compte.com;MotDePasseSecret&816
utilisateur817@compte.com;MotDePasseSecret&817
utilisateur818@compte.com;MotDePasseSecret&818
utilisateur819@compte.com;MotDePasseSecret&819
utilisateur820@compte.com;MotDePasseSecret&820
utilisateur821@compte.com;MotDePasseSecret&821
utilisateur822@compte.com;MotDePasseSecret&822
utilisateur823@compte.com;MotDePasseSecret&823
utilisateur824@compte.com;MotDePasseSecret&824
utilisateur825@compte.com;MotDePasseSecret&825
utilisateur826@compte.com;MotDePasseSecret&826
utilisateur827@compte.com;MotDePasseSecret&827
utilisateur828@compte.com;MotDePasseSecret&828
utilisateur829@compte.com;MotDePasseSecret&829
utilisateur830@compte.com;MotDePasseSecret&830
utilisateur831@compte.com;MotDePasseSecret&831
utilisateur832@compte.com;MotDePasseSecret&832
utilisateur833@compte.com;MotDePasseSecret&833
utilisateur834@compte.com;MotDePasseSecret&834
utilisateur835@compte.com;MotDePasseSecret&835
utilisateur836@compte.com;MotDePasseSecret&836
utilisateur837@compte.com;MotDePasseSecret&837
utilisateur838@compte.com;MotDePasseSecret&838
utilisateur839@compte.com;MotDePasseSecret&839
utilisateur840@compte.com;MotDePasseSecret&840
utilisateur841@compte.com;MotDePasseSecret&841
utilisateur842@compte.com;MotDePasseSecret&842
utilisateur843@compte.com;MotDePasseSecret&843
utilisateur844@compte.com;MotDePasseSecret&844
utilisateur845@compte.com;MotDePasseSecret&845
utilisateur846@compte.com;MotDePasseSecret&846
utilisateur847@compte.com;MotDePasseSecret&847
utilisateur848@compte.com;MotDePasseSecret&848
utilisateur849@compte.com;MotDePasseSecret&849
utilisateur850@compte.com;MotDePasseSecret&850
utilisateur851@compte.com;MotDePasseSecret&851
utilisateur852@compte.com;MotDePasseSecret&852
utilisateur853@compte.com;MotDePasseSecret&853
utilisateur854@compte.com;MotDePasseSecret&854
utilisateur855@compte.com;MotDePasseSecret&855
utilisateur856@compte.com;MotDePasseSecret&856
utilisateur857@compte.com;MotDePasseSecret&857
utilisateur858@compte.com;MotDePasseSecret&858
utilisateur859@compte.com;MotDePasseSecret&859
utilisateur860@compte.com;MotDePasseSecret&860
utilisateur861@compte.com;MotDePasseSecret&861
utilisateur862@compte.com;MotDePasseSecret&862
utilisateur863@compte.com;MotDePasseSecret&863
utilisateur864@compte.com;MotDePasseSecret&864
utilisateur865@compte.com;MotDePasseSecret&865
utilisateur866@compte.com;MotDePasseSecret&866
utilisateur867@compte.com;MotDePasseSecret&867
utilisateur868@compte.com;MotDePasseSecret&868
utilisateur869@compte.com;MotDePasseSecret&869
utilisateur870@compte.com;MotDePasseSecret&870
utilisateur871@compte.com;MotDePasseSecret&871
utilisateur872@compte.com;MotDePasseSecret&872
utilisateur873@compte.com;MotDePasseSecret&873
utilisateur874@compte.com;MotDePasseSecret&874
utilisateur875@compte.com;MotDePasseSecret&875
utilisateur876@compte.com;MotDePasseSecret&876
utilisateur877@compte.com;MotDePasseSecret&877
utilisateur878@compte.com;MotDePasseSecret&878
utilisateur879@compte.com;MotDePasseSecret&879
utilisateur880@compte.com;MotDePasseSecret&880
utilisateur881@compte.com;MotDePasseSecret&881
utilisateur882@compte.com;MotDePasseSecret&882
utilisateur883@compte.com;MotDePasseSecret&883
utilisateur884@compte.com;MotDePasseSecret&884
utilisateur885@compte.com;MotDePasseSecret&885
utilisateur886@compte.com;MotDePasseSecret&886
utilisateur887@compte.com;MotDePasseSecret&887
utilisateur888@compte.com;MotDePasseSecret&888
utilisateur889@compte.com;MotDePasseSecret&889
utilisateur890@compte.com;MotDePasseSecret&890
utilisateur891@compte.com;MotDePasseSecret&891
utilisateur892@compte.com;MotDePasseSecret&892
utilisateur893@compte.com;MotDePasseSecret&893
utilisateur894@compte.com;MotDePasseSecret&894
utilisateur895@compte.com;MotDePasseSecret&895
utilisateur896@compte.com;MotDePasseSecret&896
utilisateur897@compte.com;MotDePasseSecret&897
utilisateur898@compte.com;MotDePasseSecret&898
utilisateur899@compte.com;MotDePasseSecret&899
utilisateur900@compte.com;MotDePasseSecret&900
utilisateur901@compte.com;MotDePasseSecret&901
utilisateur902@compte.com;MotDePasseSecret&902
utilisateur903@compte.com;MotDePasseSecret&903
utilisateur904@compte.com;MotDePasseSecret&904
utilisateur905@compte.com;MotDePasseSecret&905
utilisateur906@compte.com;MotDePasseSecret&906
utilisateur907@compte.com;MotDePasseSecret&907
utilisateur908@compte.com;MotDePasseSecret&908
utilisateur909@compte.com;MotDePasseSecret&909
utilisateur910@compte.com;MotDePasseSecret&910
utilisateur911@compte.com;MotDePasseSecret&911
utilisateur912@compte.com;MotDePasseSecret&912
utilisateur913@compte.com;MotDePasseSecret&913
utilisateur914@compte.com;MotDePasseSecret&914
utilisateur915@compte.com;MotDePasseSecret&915
utilisateur916@compte.com;MotDePasseSecret&916
utilisateur917@compte.com;MotDePasseSecret&917
utilisateur918@compte.com;MotDePasseSecret&918
utilisateur919@compte.com;MotDePasseSecret&919
utilisateur920@compte.com;MotDePasseSecret&920
utilisateur921@compte.com;MotDePasseSecret&921
utilisateur922@compte.com;MotDePasseSecret&922
utilisateur923@compte.com;MotDePasseSecret&923
utilisateur924@compte.com;MotDePasseSecret&924
utilisateur925@compte.com;MotDePasseSecret&925
utilisateur926@compte.com;MotDePasseSecret&926
utilisateur927@compte.com;MotDePasseSecret&927
utilisateur928@compte.com;MotDePasseSecret&928
utilisateur929@compte.com;MotDePasseSecret&929
utilisateur930@compte.com;MotDePasseSecret&930
utilisateur931@compte.com;MotDePasseSecret&931
utilisateur932@compte.com;MotDePasseSecret&932
utilisateur933@compte.com;MotDePasseSecret&933
utilisateur934@compte.com;MotDePasseSecret&934
utilisateur935@compte.com;MotDePasseSecret&935
utilisateur936@compte.com;MotDePasseSecret&936
utilisateur937@compte.com;MotDePasseSecret&937
utilisateur938@compte.com;MotDePasseSecret&938
utilisateur939@compte.com;MotDePasseSecret&939
utilisateur940@compte.com;MotDePasseSecret&940
utilisateur941@compte.com;MotDePasseSecret&941
utilisateur942@compte.com;MotDePasseSecret&942
utilisateur943@compte.com;MotDePasseSecret&943
utilisateur944@compte.com;MotDePasseSecret&944
utilisateur945@compte.com;MotDePasseSecret&945
utilisateur946@compte.com;MotDePasseSecret&946
utilisateur947@compte.com;MotDePasseSecret&947
utilisateur948@compte.com;MotDePasseSecret&948
utilisateur949@compte.com;MotDePasseSecret&949
utilisateur950@compte.com;MotDePasseSecret&950
utilisateur951@compte.com;MotDePasseSecret&951
utilisateur952@compte.com;MotDePasseSecret&952
utilisateur953@compte.com;MotDePasseSecret&953
utilisateur954@compte.com;MotDePasseSecret&954
utilisateur955@compte.com;MotDePasseSecret&955
utilisateur956@compte.com;MotDePasseSecret&956
utilisateur957@compte.com;MotDePasseSecret&957
utilisateur958@compte.com;MotDePasseSecret&958
utilisateur959@compte.com;MotDePasseSecret&959
utilisateur960@compte.com;MotDePasseSecret&960
utilisateur961@compte.com;MotDePasseSecret&961
utilisateur962@compte.com;MotDePasseSecret&962
utilisateur963@compte.com;MotDePasseSecret&963
utilisateur964@compte.com;MotDePasseSecret&964
utilisateur965@compte.com;MotDePasseSecret&965
utilisateur966@compte.com;MotDePasseSecret&966
utilisateur967@compte.com;MotDePasseSecret&967
utilisateur968@compte.com;MotDePasseSecret&968
utilisateur969@compte.com;MotDePasseSecret&969
utilisateur970@compte.com;MotDePasseSecret&970
utilisateur971@compte.com;MotDePasseSecret&971
utilisateur972@compte.com;MotDePasseSecret&972
utilisateur973@compte.com;MotDePasseSecret&973
utilisateur974@compte.com;MotDePasseSecret&974
utilisateur975@compte.com;MotDePasseSecret&975
utilisateur976@compte.com;MotDePasseSecret&976
utilisateur977@compte.com;MotDePasseSecret&977
utilisateur978@compte.com;MotDePasseSecret&978
utilisateur979@compte.com;MotDePasseSecret&979
utilisateur980@compte.com;MotDePasseSecret&980
utilisateur981@compte.com;MotDePasseSecret&981
utilisateur982@compte.com;MotDePasseSecret&982
utilisateur983@compte.com;MotDePasseSecret&983
utilisateur984@compte.com;MotDePasseSecret&984
utilisateur985@compte.com;MotDePasseSecret&985
utilisateur986@compte.com;MotDePasseSecret&986
utilisateur987@compte.com;MotDePasseSecret&987
utilisateur988@compte.com;MotDePasseSecret&988
utilisateur989@compte.com;MotDePasseSecret&989
utilisateur990@compte.com;MotDePasseSecret&990
utilisateur991@compte.com;MotDePasseSecret&991
utilisateur992@compte.com;MotDePasseSecret&992
utilisateur993@compte.com;MotDePasseSecret&993
utilisateur994@compte.com;MotDePasseSecret&994
utilisateur995@compte.com;MotDePasseSecret&995
utilisateur996@compte.com;MotDePasseSecret&996
utilisateur997@compte.com;MotDePasseSecret&997
utilisateur998@compte.com;MotDePasseSecret&998
utilisateur999@compte.com;MotDePasseSecret&999
utilisateur1000@compte.com;MotDePasseSecret&1000
